time,reaction,reaction_tense,gender,age
0.3612701892852783,neutral,0.56590843,male,35
0.431276798248291,neutral,0.5042831,male,35
0.5012869834899902,neutral,0.58630735,male,35
0.5712890625,neutral,0.47217393,male,35
0.649306058883667,neutral,0.7984696,male,35
0.7134816646575928,neutral,0.7852436,male,35
0.7784790992736816,neutral,0.65297246,male,35
0.8409788608551025,neutral,0.6891631,male,35
0.9024810791015625,neutral,0.73327595,male,35
0.9639790058135986,neutral,0.66766965,male,35
1.2349796295166016,neutral,0.7755225,male,35
1.2984795570373535,neutral,0.6868852,male,35
1.362978219985962,neutral,0.5882844,male,35
1.4259803295135498,neutral,0.52757275,male,35
1.4899804592132568,neutral,0.6116923,male,35
1.5559804439544678,neutral,0.6923572,male,35
1.6179797649383545,neutral,0.59768957,male,35
1.6794812679290771,neutral,0.68516475,male,35
1.7469823360443115,neutral,0.77454877,male,35
1.8144800662994385,neutral,0.5983498,male,35
2.1034820079803467,neutral,0.72510064,male,35
2.165480613708496,neutral,0.637256,male,35
2.2244837284088135,neutral,0.7210619,male,35
3.614891767501831,neutral,0.78949225,male,35
3.6763572692871094,neutral,0.827872,male,35
3.737856388092041,neutral,0.840058,male,35
3.7978579998016357,neutral,0.7869748,male,35
3.8583567142486572,neutral,0.80234593,male,35
3.924856662750244,neutral,0.82479036,male,35
3.9873569011688232,neutral,0.7903298,male,35
4.253357410430908,neutral,0.86064893,male,35
4.31235671043396,neutral,0.795674,male,35
4.372857570648193,neutral,0.7235863,male,35
4.433856248855591,neutral,0.73582476,male,35
4.492858171463013,neutral,0.6881029,male,35
4.553356647491455,neutral,0.5780252,male,35
4.61285662651062,neutral,0.74942756,male,35
4.675856828689575,neutral,0.66829646,male,35
4.735357999801636,neutral,0.7638014,male,35
4.7988574504852295,neutral,0.8052222,male,35
5.070857286453247,neutral,0.6946551,male,35
5.1358582973480225,neutral,0.8618064,male,35
5.200856685638428,neutral,0.8825173,male,35
5.266856670379639,neutral,0.88267463,male,35
5.333858013153076,neutral,0.8607511,male,35
5.40185809135437,neutral,0.90256757,male,35
5.4658567905426025,neutral,0.86119413,male,35
5.5313568115234375,neutral,0.8483018,male,35
5.594857454299927,neutral,0.87359995,male,35
5.658356666564941,neutral,0.8748009,male,35
5.877363681793213,sad,0.6181898,male,35
5.938359022140503,neutral,0.745644,male,35
5.952357053756714,happy,0.42577758,male,35
6.015357494354248,neutral,0.89022225,male,35
6.081857919692993,neutral,0.8396247,male,35
6.144857883453369,neutral,0.8421002,male,35
6.206856966018677,neutral,0.7753323,male,35
6.271857738494873,neutral,0.74755615,male,35
6.33285665512085,neutral,0.70417213,male,35
6.398357629776001,neutral,0.67353976,male,35
6.668358087539673,neutral,0.67039704,male,35
6.734858512878418,neutral,0.75732404,male,35
6.803358554840088,neutral,0.57198966,male,35
6.8713579177856445,neutral,0.51787925,male,35
6.9393579959869385,neutral,0.61631155,male,35
7.007856607437134,neutral,0.5716062,male,35
7.078357696533203,neutral,0.70154816,male,35
7.144858121871948,neutral,0.48037037,male,35
7.21235728263855,neutral,0.3264099,male,35
7.277857065200806,neutral,0.53138506,male,35
7.551857233047485,neutral,0.7169725,male,35
7.617382287979126,neutral,0.74073315,male,35
7.679357051849365,neutral,0.5497567,male,35
7.7448570728302,neutral,0.6885505,male,35
7.813357353210449,neutral,0.49680752,male,35
7.876857280731201,neutral,0.4964303,male,35
7.945357799530029,neutral,0.49088097,male,35
8.014357328414917,neutral,0.48302633,male,35
8.088857173919678,neutral,0.62495947,male,35
8.152857303619385,neutral,0.5783281,male,35
8.418857336044312,neutral,0.8016332,male,35
8.485357999801636,neutral,0.62703526,male,35
8.549357652664185,neutral,0.77696556,male,35
8.615356922149658,neutral,0.6590239,male,35
8.678358793258667,neutral,0.8040726,male,35
8.739858388900757,neutral,0.7860258,male,35
8.802857398986816,neutral,0.6699399,male,35
8.868859052658081,neutral,0.8181485,male,35
8.931357860565186,neutral,0.64932775,male,35
8.994858026504517,neutral,0.694348,male,35
9.258357763290405,neutral,0.6823562,male,35
9.318358421325684,neutral,0.703567,male,35
9.379858016967773,neutral,0.72056925,male,35
9.443857669830322,neutral,0.77205664,male,35
9.504358291625977,neutral,0.6782105,male,35
9.570857524871826,neutral,0.74917114,male,35
9.639857530593872,neutral,0.778887,male,35
9.705857515335083,neutral,0.76134056,male,35
9.76685881614685,neutral,0.7985877,male,35
9.82836127281189,neutral,0.8015654,male,35
10.098857879638672,neutral,0.6620827,male,35
10.164357900619507,happy,0.5126252,male,35
10.22635793685913,happy,0.70275974,male,35
10.287857055664062,happy,0.7421462,male,35
10.3523588180542,happy,0.872912,male,35
10.418858289718628,happy,0.8346789,male,35
10.479859352111816,happy,0.89805406,male,35
10.541858196258545,happy,0.713008,male,35
10.600858688354492,happy,0.9348543,male,35
10.663858890533447,happy,0.7746671,male,35
10.924357414245605,happy,0.6189031,male,35
10.988357067108154,happy,0.56933933,male,35
11.047359228134155,neutral,0.57860315,male,35
11.11136507987976,neutral,0.5491095,male,35
11.17335820198059,neutral,0.5093528,male,35
11.238359689712524,neutral,0.47500408,male,35
11.301858901977539,neutral,0.5694851,male,35
11.366863250732422,neutral,0.5989876,male,35
11.431357383728027,neutral,0.58639145,male,35
11.493858098983765,neutral,0.611873,male,35
11.756359100341797,neutral,0.74642694,male,35
11.815369844436646,neutral,0.66454905,male,35
11.87285828590393,happy,0.5591555,male,35
11.937857866287231,neutral,0.74748284,male,35
11.99836015701294,neutral,0.789799,male,35
12.063371181488037,neutral,0.7745025,male,35
12.124358177185059,neutral,0.73629314,male,35
12.18285870552063,neutral,0.81527865,male,35
12.240357875823975,neutral,0.6780947,male,35
12.304358005523682,neutral,0.6954203,male,35
12.567858695983887,neutral,0.7977874,male,35
12.631859540939331,neutral,0.79163027,male,35
12.695360898971558,neutral,0.8416011,male,35
12.75885796546936,neutral,0.85692537,male,35
12.817858695983887,neutral,0.8769208,male,35
12.881858825683594,neutral,0.8702028,male,35
12.94635820388794,neutral,0.91715133,male,35
13.006858587265015,neutral,0.90871537,male,35
13.072358131408691,neutral,0.8813359,male,35
13.135858535766602,neutral,0.8824186,male,35
13.402859210968018,neutral,0.8980252,male,35
13.468858003616333,neutral,0.8801569,male,35
13.533859014511108,neutral,0.87264496,male,35
13.594858407974243,neutral,0.87403136,male,35
13.656359434127808,neutral,0.87593234,male,35
13.713858842849731,neutral,0.85088515,male,35
13.77335810661316,neutral,0.89097726,male,35
13.832371473312378,neutral,0.8224292,male,35
13.890358686447144,neutral,0.8819536,male,35
13.948358535766602,neutral,0.84667987,male,35
14.214358568191528,neutral,0.86188394,male,35
14.274859428405762,neutral,0.8655536,male,35
14.336357593536377,neutral,0.8796411,male,35
14.400358200073242,neutral,0.8835282,male,35
14.461858034133911,neutral,0.87528926,male,35
14.5253586769104,neutral,0.86901206,male,35
14.590858697891235,neutral,0.8749033,male,35
14.650363445281982,neutral,0.89030993,male,35
14.708858966827393,neutral,0.885226,male,35
14.767358779907227,neutral,0.8989355,male,35
15.037358522415161,neutral,0.8991926,male,35
15.099358797073364,neutral,0.88899636,male,35
15.159358978271484,neutral,0.84792376,male,35
15.218371868133545,neutral,0.8785483,male,35
15.28385877609253,neutral,0.80364984,male,35
15.344358921051025,neutral,0.8561989,male,35
15.409858465194702,neutral,0.77910775,male,35
15.477858781814575,neutral,0.7281835,male,35
15.542358875274658,neutral,0.6776843,male,35
15.603858947753906,neutral,0.7458356,male,35
15.875858306884766,neutral,0.83438027,male,35
15.940858602523804,neutral,0.78679436,male,35
16.004859447479248,neutral,0.82090336,male,35
16.066859006881714,neutral,0.8221937,male,35
16.133358240127563,neutral,0.8303914,male,35
16.19785976409912,neutral,0.7548859,male,35
16.261858224868774,neutral,0.74860525,male,35
16.324365615844727,neutral,0.8283817,male,35
16.390360832214355,neutral,0.83841336,male,35
16.455358743667603,neutral,0.88003516,male,35
16.72735857963562,neutral,0.73984724,male,35
16.790359258651733,neutral,0.8661849,male,35
16.85136079788208,neutral,0.8500572,male,35
16.91435980796814,neutral,0.80210865,male,35
16.97485899925232,neutral,0.84489715,male,35
17.036359071731567,neutral,0.81182337,male,35
17.098358392715454,neutral,0.8427025,male,35
17.15985870361328,neutral,0.6974096,male,35
17.22585916519165,neutral,0.814231,male,35
17.28786039352417,neutral,0.78653485,male,35
17.5588595867157,neutral,0.74878967,male,35
17.622358083724976,neutral,0.78720605,male,35
17.68186068534851,neutral,0.7403184,male,35
17.74285864830017,neutral,0.8170977,male,35
17.803858518600464,neutral,0.8431371,male,35
17.865859985351562,neutral,0.7430719,male,35
17.925358772277832,neutral,0.809536,male,35
17.98685932159424,neutral,0.8065158,male,35
18.048359394073486,neutral,0.7731618,male,35
18.110358476638794,neutral,0.7522702,male,35
18.37485909461975,neutral,0.75595886,male,35
18.44485831260681,neutral,0.68323267,male,35
18.51085877418518,neutral,0.6604645,male,35
18.576358556747437,neutral,0.8132512,male,35
18.636359691619873,neutral,0.79662174,male,35
18.695859670639038,neutral,0.80280393,male,35
18.75485849380493,neutral,0.6731523,male,35
18.815358877182007,neutral,0.69680744,male,35
18.878360986709595,neutral,0.6376556,male,35
18.938358068466187,neutral,0.49512303,male,35
19.20336079597473,neutral,0.666932,male,35
19.262362003326416,neutral,0.6747525,male,35
19.32685875892639,neutral,0.7371004,male,35
19.387359380722046,neutral,0.7852001,male,35
19.448859930038452,neutral,0.7987953,male,35
19.50835943222046,neutral,0.74630845,male,35
19.57435965538025,neutral,0.64758116,male,35
19.63585877418518,neutral,0.70623577,male,35
19.700369119644165,neutral,0.76135224,male,35
19.764859914779663,neutral,0.7336109,male,35
20.028861045837402,neutral,0.79174894,male,35
20.09436011314392,neutral,0.7475881,male,35
20.154860019683838,neutral,0.61451024,male,35
20.214358806610107,neutral,0.721881,male,35
20.278862237930298,neutral,0.7441401,male,35
20.338858366012573,neutral,0.8382383,male,35
20.397859573364258,neutral,0.795749,male,35
20.462859869003296,neutral,0.7752563,male,35
20.52835965156555,neutral,0.81712824,male,35
20.594359397888184,neutral,0.6548537,male,35
20.864859104156494,neutral,0.7058454,male,35
20.92535948753357,neutral,0.74193764,male,35
20.984858989715576,neutral,0.7887685,male,35
21.04635977745056,neutral,0.7201948,male,35
21.106359720230103,neutral,0.6407945,male,35
21.17285990715027,neutral,0.47407123,male,35
21.236860036849976,happy,0.98718727,male,35
21.297359228134155,happy,0.98561156,male,35
21.36335849761963,happy,0.9960781,male,35
21.429360151290894,happy,0.99666226,male,35
21.69685983657837,happy,0.9940043,male,35
21.759358882904053,happy,0.9963798,male,35
21.822360277175903,happy,0.989714,male,35
21.884859800338745,happy,0.99526167,male,35
21.949859380722046,happy,0.9959111,male,35
22.01335906982422,happy,0.98965037,male,35
22.073359727859497,happy,0.99555725,male,35
22.13835883140564,happy,0.9939761,male,35
22.199859619140625,happy,0.99789125,male,35
22.264360189437866,happy,0.98613757,male,35
22.535860300064087,happy,0.99817395,male,35
22.60185933113098,happy,0.99589133,male,35
22.66535973548889,happy,0.9942365,male,35
22.72685980796814,happy,0.98983335,male,35
22.790360689163208,happy,0.9840268,male,35
22.85285997390747,happy,0.975344,male,35
22.9118595123291,happy,0.9895285,male,35
22.976360321044922,happy,0.98589295,male,35
23.036359548568726,happy,0.97714764,male,35
23.100860595703125,happy,0.9061261,male,35
23.37436079978943,happy,0.8330207,male,35
23.43485951423645,happy,0.8245281,male,35
23.498860597610474,happy,0.5908786,male,35
23.558359146118164,neutral,0.68382865,male,35
23.61885952949524,neutral,0.62395257,male,35
23.677860736846924,neutral,0.69359505,male,35
23.73885941505432,neutral,0.72029126,male,35
23.80385947227478,neutral,0.6640823,male,35
23.869359493255615,neutral,0.74724704,male,35
23.932859420776367,neutral,0.79351145,male,35
24.19785976409912,neutral,0.8598831,male,35
24.257359743118286,neutral,0.82928175,male,35
24.321860790252686,neutral,0.72460824,male,35
24.380359411239624,neutral,0.76310986,male,35
24.439361810684204,neutral,0.70313245,male,35
24.497859477996826,neutral,0.74430907,male,35
24.56235957145691,neutral,0.6944109,male,35
24.62286067008972,neutral,0.7371638,male,35
24.68485951423645,neutral,0.80597925,male,35
24.747860431671143,neutral,0.82215244,male,35
25.013359785079956,neutral,0.7764445,male,35
25.071360111236572,neutral,0.778425,male,35
25.135859966278076,neutral,0.86778504,male,35
25.201860427856445,neutral,0.79617864,male,35
25.262860774993896,neutral,0.78269523,male,35
25.323360681533813,neutral,0.84518915,male,35
25.380860090255737,neutral,0.810039,male,35
25.43936038017273,neutral,0.80821174,male,35
25.503860235214233,neutral,0.8097412,male,35
25.561859846115112,neutral,0.8396477,male,35
25.83136224746704,neutral,0.8328082,male,35
25.88886070251465,neutral,0.8166035,male,35
25.95036005973816,neutral,0.7011689,male,35
26.010359287261963,neutral,0.8064484,male,35
26.076361179351807,neutral,0.84131,male,35
26.142860889434814,neutral,0.7845664,male,35
26.20785927772522,neutral,0.8518991,male,35
26.27336049079895,neutral,0.80880636,male,35
26.338359594345093,neutral,0.75884,male,35
26.402859926223755,neutral,0.86802256,male,35
26.672860860824585,neutral,0.80774444,male,35
26.730859994888306,neutral,0.696196,male,35
26.795860290527344,neutral,0.7056356,male,35
26.854363441467285,neutral,0.75899905,male,35
26.913360595703125,happy,0.5503686,male,35
26.97386145591736,neutral,0.70371395,male,35
27.035860300064087,neutral,0.746742,male,35
27.0963613986969,neutral,0.63217586,male,35
27.15485954284668,neutral,0.7393941,male,35
27.222360134124756,neutral,0.6981053,male,35
27.493361234664917,neutral,0.7021692,male,35
27.552860260009766,neutral,0.73519295,male,35
27.61936044692993,neutral,0.7755138,male,35
27.680860996246338,neutral,0.80952793,male,35
27.740861177444458,neutral,0.82800484,male,35
27.800360202789307,neutral,0.78242,male,35
27.860366106033325,neutral,0.8049554,male,35
27.921359539031982,neutral,0.68318063,male,35
27.981359720230103,neutral,0.77456015,male,35
28.04785966873169,neutral,0.8225988,male,35
28.316362142562866,neutral,0.8671018,male,35
28.38186001777649,neutral,0.8342034,male,35
28.443861484527588,happy,0.7445634,male,35
28.51285982131958,happy,0.9702861,male,35
28.574861764907837,happy,0.9822014,male,35
28.633360147476196,happy,0.9946936,male,35
28.6928608417511,happy,0.9876193,male,35
28.758359909057617,happy,0.9934917,male,35
28.82486128807068,happy,0.99575055,male,35
28.889360666275024,happy,0.9940164,male,35
29.158860445022583,happy,0.9972433,male,35
29.22186017036438,happy,0.9983652,male,35
29.2863609790802,happy,0.99762326,male,35
29.35285997390747,happy,0.9940593,male,35
29.411860704421997,happy,0.9885124,male,35
29.47736120223999,happy,0.99371946,male,35
29.539860486984253,happy,0.9966059,male,35
29.60486102104187,happy,0.99540484,male,35
29.66586446762085,happy,0.9927013,male,35
29.733375072479248,happy,0.9916924,male,35
30.003360748291016,happy,0.9916943,male,35
30.06386089324951,happy,0.9844132,male,35
30.127359628677368,happy,0.9910625,male,35
30.195360898971558,happy,0.99136823,male,35
30.25536036491394,happy,0.9945926,male,35
30.32536029815674,happy,0.99347657,male,35
30.392359733581543,happy,0.98107463,male,35
30.45136022567749,happy,0.9786052,male,35
30.51886010169983,happy,0.9784461,male,35
30.576861143112183,happy,0.91692704,male,35
30.84536075592041,happy,0.9718146,male,35
30.905861377716064,happy,0.9704037,male,35
30.96686100959778,happy,0.98622197,male,35
31.02686071395874,happy,0.993789,male,35
31.087361335754395,happy,0.98338264,male,35
31.14836096763611,happy,0.9721263,male,35
31.214860916137695,happy,0.9519539,male,35
31.27736210823059,happy,0.8802436,male,35
31.337361574172974,happy,0.94806266,male,35
31.396862268447876,happy,0.9393316,male,35
31.66136121749878,happy,0.93092203,male,35
31.721360445022583,happy,0.86796606,male,35
31.781360626220703,neutral,0.85513014,male,35
31.841360092163086,neutral,0.8305476,male,35
31.90436029434204,neutral,0.87814075,male,35
31.9693603515625,neutral,0.84964085,male,35
32.03036069869995,neutral,0.837934,male,35
32.08786129951477,neutral,0.82106763,male,35
32.150861501693726,neutral,0.696474,male,35
32.21536159515381,neutral,0.76787645,male,35
32.47786068916321,neutral,0.80071473,male,35
32.53636145591736,neutral,0.73463094,male,35
32.604361057281494,neutral,0.72651714,male,35
32.667360067367554,neutral,0.7940622,male,35
32.730860233306885,neutral,0.81306463,male,35
32.7913613319397,neutral,0.7301197,male,35
32.85136127471924,neutral,0.7742724,male,35
32.9108612537384,neutral,0.73959637,male,35
32.9698703289032,neutral,0.6161648,male,35
33.035370111465454,neutral,0.7063553,male,35
33.30737042427063,neutral,0.72276604,male,35
33.37187075614929,neutral,0.66712093,male,35
33.43087077140808,neutral,0.8342793,male,35
33.489372968673706,neutral,0.6183354,male,35
33.551371335983276,neutral,0.68175954,male,35
33.611873149871826,neutral,0.75255287,male,35
33.67787051200867,neutral,0.7257406,male,35
33.73737049102783,neutral,0.7171784,male,35
33.79637098312378,neutral,0.6620945,male,35
33.85987043380737,neutral,0.83004457,male,35
34.13437056541443,neutral,0.87462425,male,35
34.19887018203735,neutral,0.8428078,male,35
34.260870695114136,neutral,0.7346978,male,35
34.32537126541138,neutral,0.77822024,male,35
34.3903706073761,neutral,0.66363585,male,35
34.453871965408325,neutral,0.7600576,male,35
34.51387119293213,neutral,0.7842191,male,35
34.5798704624176,neutral,0.7813026,male,35
34.64587140083313,neutral,0.85894245,male,35
34.70587110519409,neutral,0.83512497,male,35
34.97337293624878,neutral,0.81570053,male,35
35.032371520996094,neutral,0.8100431,male,35
35.09287166595459,neutral,0.868112,male,35
35.15337157249451,neutral,0.8998924,male,35
35.217371225357056,neutral,0.8834446,male,35
35.28437113761902,neutral,0.88485456,male,35
35.34587073326111,neutral,0.88840795,male,35
35.40687108039856,neutral,0.85643667,male,35
35.47187089920044,neutral,0.83166736,male,35
35.531371116638184,neutral,0.79997766,male,35
35.79437065124512,neutral,0.86426765,male,35
35.85737156867981,neutral,0.8507598,male,35
35.92087244987488,neutral,0.8537986,male,35
35.984872579574585,neutral,0.8737644,male,35
36.04487133026123,neutral,0.8241974,male,35
36.10637164115906,neutral,0.89226156,male,35
36.16737198829651,neutral,0.89916366,male,35
36.23237204551697,neutral,0.9109232,male,35
36.29237079620361,neutral,0.91924614,male,35
36.35137128829956,neutral,0.9130422,male,35
36.62287092208862,neutral,0.9005296,male,35
36.68137335777283,neutral,0.85323936,male,35
36.74687147140503,neutral,0.8675769,male,35
36.80687069892883,neutral,0.8317778,male,35
36.87137198448181,neutral,0.8963722,male,35
36.93387222290039,neutral,0.90965486,male,35
36.99187088012695,neutral,0.899369,male,35
37.059372663497925,neutral,0.91258824,male,35
37.1178719997406,neutral,0.8667136,male,35
37.18237066268921,neutral,0.900541,male,35
37.44787096977234,neutral,0.8772351,male,35
37.50937104225159,neutral,0.83657414,male,35
37.57587265968323,neutral,0.8977385,male,35
37.635870695114136,neutral,0.87962216,male,35
37.699371576309204,neutral,0.79772717,male,35
37.75937080383301,neutral,0.84648466,male,35
37.81787085533142,neutral,0.90566385,male,35
37.88737225532532,neutral,0.89291096,male,35
37.948872089385986,neutral,0.8803182,male,35
38.0098717212677,neutral,0.9196471,male,35
38.28087091445923,neutral,0.9153626,male,35
38.341371297836304,neutral,0.9122574,male,35
38.399871587753296,neutral,0.8989326,male,35
38.46087193489075,neutral,0.87633234,male,35
38.51937198638916,neutral,0.8302342,male,35
38.578372955322266,neutral,0.8304771,male,35
38.6378710269928,neutral,0.8634711,male,35
38.69987106323242,neutral,0.8985513,male,35
38.76037287712097,neutral,0.88054436,male,35
38.82387137413025,neutral,0.85439724,male,35
39.09387183189392,neutral,0.77709913,male,35
39.15387225151062,neutral,0.7934883,male,35
39.2148711681366,neutral,0.7945488,male,35
39.27937316894531,neutral,0.81248987,male,35
39.3443717956543,neutral,0.83126175,male,35
39.40487098693848,neutral,0.81522363,male,35
39.47037220001221,neutral,0.78083825,male,35
39.536871671676636,neutral,0.8056405,male,35
39.59837222099304,neutral,0.8905063,male,35
39.66037130355835,neutral,0.88656247,male,35
39.925371170043945,neutral,0.91682345,male,35
39.98587155342102,neutral,0.81517696,male,35
40.04937124252319,neutral,0.85509145,male,35
40.11087131500244,neutral,0.81499815,male,35
40.17287254333496,neutral,0.7644027,male,35
40.233871936798096,neutral,0.7884312,male,35
40.29937171936035,neutral,0.783663,male,35
40.36637234687805,neutral,0.79572946,male,35
40.42587089538574,neutral,0.7737723,male,35
40.48937129974365,neutral,0.7609141,male,35
40.75337505340576,neutral,0.8084651,male,35
40.81337237358093,neutral,0.7960886,male,35
40.87787199020386,neutral,0.8134145,male,35
40.93737268447876,neutral,0.80322146,male,35
40.99637246131897,neutral,0.86519146,male,35
41.060871601104736,neutral,0.8189586,male,35
41.11937212944031,neutral,0.79672045,male,35
41.17987108230591,neutral,0.80607134,male,35
41.23937201499939,neutral,0.8258972,male,35
41.30487108230591,neutral,0.8282635,male,35
41.57587218284607,neutral,0.72471774,male,35
41.639872312545776,neutral,0.74575585,male,35
41.70087170600891,neutral,0.7049602,male,35
41.75987219810486,neutral,0.7854066,male,35
41.81937336921692,neutral,0.7493653,male,35
41.87787342071533,neutral,0.7906114,male,35
41.93887257575989,neutral,0.5459085,male,35
42.00737142562866,neutral,0.6204455,male,35
42.07337236404419,neutral,0.7836502,male,35
42.13437247276306,neutral,0.81784105,male,35
42.40037178993225,neutral,0.70958257,male,35
42.466872692108154,neutral,0.7461022,male,35
42.5318717956543,neutral,0.8310909,male,35
42.5933723449707,neutral,0.54225653,male,35
42.65387225151062,neutral,0.35268182,male,35
42.71487236022949,neutral,0.30198893,male,35
42.77637243270874,neutral,0.26578218,male,35
42.83937096595764,neutral,0.33466545,male,35
42.901872634887695,neutral,0.34699816,male,35
42.96437168121338,neutral,0.47361594,male,35
43.2288715839386,neutral,0.42565778,male,35
43.289872884750366,neutral,0.7586019,male,35
43.35937237739563,happy,0.94596684,male,35
43.4233717918396,happy,0.9384046,male,35
43.4883713722229,happy,0.97232527,male,35
43.554375410079956,happy,0.9316365,male,35
43.614872217178345,happy,0.901572,male,35
43.68187236785889,happy,0.9652273,male,35
43.743372678756714,happy,0.9640942,male,35
43.80437159538269,happy,0.9644548,male,35
44.070371866226196,happy,0.9163721,male,35
44.13737607002258,happy,0.9215069,male,35
44.19937300682068,happy,0.90897393,male,35
44.26387143135071,happy,0.90384316,male,35
44.3243727684021,happy,0.8683738,male,35
44.391374349594116,happy,0.9024781,male,35
44.45187258720398,happy,0.8925709,male,35
44.518871784210205,happy,0.91324633,male,35
44.5793731212616,happy,0.91745496,male,35
44.64037251472473,happy,0.7658331,male,35
44.90587639808655,happy,0.51816446,male,35
44.96837139129639,happy,0.58062863,male,35
45.03637194633484,happy,0.7721361,male,35
45.1028733253479,happy,0.7883614,male,35
45.16837215423584,happy,0.78630376,male,35
45.22837281227112,happy,0.7995453,male,35
45.28737139701843,happy,0.7299346,male,35
45.35237240791321,happy,0.63656586,male,35
45.412872314453125,happy,0.7982103,male,35
45.474371671676636,happy,0.7803111,male,35
45.74087190628052,happy,0.8286756,male,35
45.80137252807617,happy,0.749379,male,35
45.8668737411499,neutral,0.631304,male,35
45.93237352371216,neutral,0.5479619,male,35
45.99287271499634,happy,0.86823654,male,35
46.051372051239014,happy,0.70810014,male,35
46.110371828079224,happy,0.86493236,male,35
46.17037296295166,happy,0.61502755,male,35
46.2353720664978,happy,0.7791441,male,35
46.29637145996094,happy,0.8871315,male,35
46.55987215042114,happy,0.83738893,male,35
46.62087273597717,happy,0.92324287,male,35
46.68187212944031,happy,0.94392246,male,35
46.74487352371216,happy,0.9423493,male,35
46.8123722076416,happy,0.9760633,male,35
46.87487316131592,happy,0.91243696,male,35
46.936373233795166,happy,0.89233315,male,35
46.99687337875366,happy,0.9321403,male,35
47.058873891830444,happy,0.86028886,male,35
47.119874000549316,happy,0.7484537,male,35
47.38837218284607,happy,0.7439747,male,35
47.45037388801575,happy,0.57409924,male,35
47.51687431335449,happy,0.9230251,male,35
47.58387351036072,happy,0.9439095,male,35
47.64987254142761,happy,0.9476725,male,35
47.71237277984619,happy,0.9072194,male,35
47.775871992111206,happy,0.9183067,male,35
47.840372800827026,happy,0.92351425,male,35
47.90587329864502,happy,0.6374228,male,35
47.969372272491455,happy,0.62331325,male,35
48.24187254905701,neutral,0.4997742,male,35
48.30637288093567,neutral,0.46526238,male,35
48.36837196350098,neutral,0.3763993,male,35
48.430373191833496,neutral,0.36405942,male,35
48.49087452888489,neutral,0.6176399,male,35
48.55287218093872,neutral,0.49693668,male,35
48.61837434768677,neutral,0.72366816,male,35
48.680373191833496,neutral,0.43449098,male,35
48.74137282371521,neutral,0.66608715,male,35
48.80687379837036,neutral,0.7637972,male,35
49.070374488830566,neutral,0.6763898,male,35
49.13137364387512,neutral,0.5945078,male,35
49.191871881484985,neutral,0.69605297,male,35
49.2523729801178,neutral,0.8207424,male,35
49.313374280929565,neutral,0.7153386,male,35
49.374372482299805,neutral,0.6275846,male,35
49.43487286567688,neutral,0.6411041,male,35
49.500372886657715,neutral,0.65227944,male,35
49.565375089645386,neutral,0.6423311,male,35
49.63137435913086,neutral,0.7294588,male,35
49.896873474121094,neutral,0.8422123,male,35
49.957873821258545,neutral,0.8209999,male,35
50.01837348937988,neutral,0.767459,male,35
50.07937240600586,neutral,0.52438414,male,35
50.14337348937988,neutral,0.64404166,male,35
50.2063729763031,neutral,0.6233897,male,35
50.266873359680176,neutral,0.89625347,male,35
50.32887315750122,neutral,0.7831924,male,35
50.394872188568115,neutral,0.81781477,male,35
50.4588737487793,neutral,0.76036924,male,35
50.72537279129028,neutral,0.69387144,male,35
50.78837299346924,neutral,0.5161296,male,35
50.85437250137329,happy,0.6353641,male,35
50.91537380218506,happy,0.84194475,male,35
50.97537398338318,happy,0.7528485,male,35
51.03637218475342,happy,0.81849235,male,35
51.09587359428406,happy,0.7737109,male,35
51.15587329864502,happy,0.78500676,male,35
51.222872257232666,happy,0.7322743,male,35
51.28887343406677,happy,0.760755,male,35
51.55887269973755,happy,0.7379154,male,35
51.62187457084656,happy,0.7095955,male,35
51.68237352371216,happy,0.78468925,male,35
51.74587297439575,happy,0.83360964,male,35
51.81237292289734,happy,0.8618998,male,35
51.87337350845337,happy,0.85922545,male,35
51.93437433242798,happy,0.7141296,male,35
51.99587297439575,happy,0.5276658,male,35
52.056872606277466,happy,0.5675795,male,35
52.119373083114624,happy,0.6109124,male,35
52.38587427139282,happy,0.58528006,male,35
52.44887351989746,neutral,0.5495266,male,35
52.513874769210815,happy,0.494905,male,35
52.57587289810181,happy,0.5289213,male,35
52.63837289810181,happy,0.63987607,male,35
52.70487356185913,happy,0.4951467,male,35
52.76787352561951,neutral,0.6370015,male,35
52.835373401641846,neutral,0.5096097,male,35
52.8963737487793,happy,0.5591179,male,35
52.95737361907959,neutral,0.512629,male,35
53.2248740196228,happy,0.5600056,male,35
53.29137372970581,happy,0.68060684,male,35
53.35487341880798,neutral,0.51632273,male,35
53.41687297821045,happy,0.53719145,male,35
53.48387289047241,happy,0.6505842,male,35
53.54637408256531,neutral,0.6175121,male,35
53.60737419128418,happy,0.56205946,male,35
53.66737484931946,happy,0.55673826,male,35
53.72887372970581,happy,0.61507976,male,35
53.79037380218506,happy,0.6664418,male,35
54.062873125076294,happy,0.5421581,male,35
54.12537384033203,happy,0.60640657,male,35
54.19187378883362,neutral,0.6011306,male,35
54.252872943878174,happy,0.58258957,male,35
54.31737399101257,neutral,0.53624964,male,35
54.38387489318848,neutral,0.7785527,male,35
54.44737529754639,neutral,0.8089501,male,35
54.510374784469604,neutral,0.5642718,male,35
54.573373794555664,neutral,0.66040176,male,35
54.63537287712097,neutral,0.60595673,male,35
54.908387660980225,neutral,0.60630935,male,35
54.96937417984009,neutral,0.50027335,male,35
55.03387379646301,happy,0.9720709,male,35
55.10387372970581,happy,0.99344456,male,35
55.1668746471405,happy,0.99677163,male,35
55.24037408828735,happy,0.9944449,male,35
55.303874015808105,happy,0.9914137,male,35
55.36587476730347,happy,0.99437606,male,35
55.426374197006226,happy,0.9926507,male,35
55.487873554229736,happy,0.9951141,male,35
55.759873390197754,happy,0.9934509,male,35
55.82387375831604,happy,0.99436826,male,35
55.88887429237366,happy,0.99588424,male,35
55.95337390899658,happy,0.99865,male,35
56.01837348937988,happy,0.9992048,male,35
56.08237409591675,happy,0.9996908,male,35
56.14237332344055,happy,0.9996722,male,35
56.20887327194214,happy,0.9993418,male,35
56.274874210357666,happy,0.9983038,male,35
56.33737754821777,happy,0.9932674,male,35
56.61237645149231,happy,0.92661864,male,35
56.672874450683594,happy,0.51509744,male,35
56.73187446594238,neutral,0.84647125,male,35
56.79737424850464,neutral,0.75449306,male,35
56.859373569488525,neutral,0.7658752,male,35
56.919374227523804,neutral,0.77112395,male,35
56.979374170303345,neutral,0.79030687,male,35
57.04337430000305,neutral,0.7933592,male,35
57.10787343978882,neutral,0.7873712,male,35
57.17387342453003,neutral,0.733854,male,35
57.43937349319458,neutral,0.7326881,male,35
57.50537395477295,neutral,0.7384104,male,35
57.57437586784363,neutral,0.76421493,male,35
57.641873359680176,neutral,0.7803706,male,35
57.70337438583374,neutral,0.7687677,male,35
57.768874168395996,neutral,0.68260175,male,35
57.833874225616455,neutral,0.694563,male,35
57.894376039505005,neutral,0.6793497,male,35
57.954874753952026,neutral,0.7370849,male,35
58.01437568664551,neutral,0.7153942,male,35
58.28287363052368,neutral,0.7188107,male,35
58.34837341308594,neutral,0.7407835,male,35
58.41237497329712,neutral,0.7290098,male,35
58.472373485565186,neutral,0.72338116,male,35
58.53337478637695,neutral,0.7852576,male,35
58.59987545013428,neutral,0.8843951,male,35
58.66087603569031,neutral,0.6596783,male,35
58.727874755859375,neutral,0.58607984,male,35
58.78737449645996,neutral,0.7650895,male,35
58.84937405586243,neutral,0.8140978,male,35
59.11837387084961,neutral,0.8495077,male,35
59.17937517166138,neutral,0.80225325,male,35
59.24037575721741,neutral,0.7057054,male,35
59.30287408828735,neutral,0.70399106,male,35
59.363874197006226,neutral,0.74183214,male,35
59.42887496948242,neutral,0.78308606,male,35
59.48787498474121,neutral,0.6966306,male,35
59.5523738861084,neutral,0.6640557,male,35
59.61437463760376,neutral,0.7942804,male,35
59.67437481880188,neutral,0.63094056,male,35
59.93937397003174,neutral,0.81072634,male,35
60.00287485122681,neutral,0.7877216,male,35
60.06437397003174,neutral,0.85305905,male,35
60.132875204086304,neutral,0.7549524,male,35
60.19637393951416,neutral,0.76049644,male,35
60.25637340545654,neutral,0.80695593,male,35
60.32087516784668,neutral,0.87027997,male,35
60.38187551498413,neutral,0.84439224,male,35
60.449374198913574,neutral,0.898271,male,35
60.5083749294281,neutral,0.88368016,male,35
60.77737641334534,neutral,0.8786601,male,35
60.83937454223633,neutral,0.85105747,male,35
60.89987540245056,neutral,0.6623702,male,35
60.962374210357666,neutral,0.81208193,male,35
61.02337431907654,neutral,0.8621282,male,35
61.084874868392944,neutral,0.5459761,male,35
61.1453742980957,neutral,0.7585264,male,35
61.206374168395996,neutral,0.89152163,male,35
61.2768759727478,neutral,0.8066593,male,35
61.33937478065491,neutral,0.7035793,male,35
61.611374378204346,neutral,0.8875688,male,35
61.6723747253418,neutral,0.8549642,male,35
61.73537492752075,neutral,0.9264388,male,35
61.797873735427856,neutral,0.8112073,male,35
61.85937571525574,neutral,0.8033981,male,35
61.92637491226196,neutral,0.79824466,male,35
61.99437475204468,neutral,0.75963324,male,35
62.055874824523926,neutral,0.7260952,male,35
62.11837458610535,neutral,0.7708156,male,35
62.18437480926514,neutral,0.8485369,male,35
62.45487427711487,neutral,0.72838926,male,35
62.51787495613098,neutral,0.86398995,male,35
62.58437490463257,neutral,0.8550002,male,35
62.64687538146973,neutral,0.60968107,male,35
62.708375215530396,neutral,0.67407775,male,35
62.776875734329224,neutral,0.796454,male,35
62.84637379646301,neutral,0.72167736,male,35
62.91637420654297,neutral,0.8384696,male,35
62.98637533187866,neutral,0.8423987,male,35
63.04837441444397,neutral,0.66388696,male,35
63.31637454032898,neutral,0.80447507,male,35
63.37937545776367,neutral,0.8283007,male,35
63.44287419319153,neutral,0.7968432,male,35
63.5038743019104,neutral,0.73027545,male,35
63.56487488746643,neutral,0.894786,male,35
63.63187503814697,neutral,0.8750851,male,35
63.69587469100952,neutral,0.7741815,male,35
63.75837540626526,neutral,0.79612905,male,35
63.82137441635132,neutral,0.79351467,male,35
63.88837432861328,neutral,0.7015971,male,35
64.15737462043762,neutral,0.7585916,male,35
64.220374584198,neutral,0.7470665,male,35
64.28787422180176,neutral,0.89241374,male,35
64.34887409210205,neutral,0.8767449,male,35
64.41687536239624,neutral,0.83459586,male,35
64.48537540435791,neutral,0.8832752,male,35
64.55387473106384,neutral,0.8699144,male,35
64.62037467956543,neutral,0.84308875,male,35
64.68737459182739,neutral,0.8559368,male,35
64.75937676429749,neutral,0.89237434,male,35
65.03537511825562,neutral,0.8451991,male,35
65.10487508773804,neutral,0.8733719,male,35
65.16787433624268,neutral,0.8704778,male,35
65.2323751449585,neutral,0.89646363,male,35
65.29387474060059,neutral,0.87651014,male,35
65.35737562179565,neutral,0.88565975,male,35
65.42437481880188,neutral,0.88714886,male,35
65.49037528038025,neutral,0.8524249,male,35
65.55537557601929,neutral,0.8739941,male,35
65.62237548828125,neutral,0.8770101,male,35
65.89337468147278,neutral,0.87795186,male,35
65.95687508583069,neutral,0.8989011,male,35
66.01887488365173,neutral,0.89314526,male,35
66.08437538146973,neutral,0.7934214,male,35
66.14987635612488,neutral,0.8172848,male,35
66.21537446975708,neutral,0.8300981,male,35
66.27837538719177,neutral,0.84475696,male,35
66.3443751335144,neutral,0.79819983,male,35
66.40438508987427,neutral,0.80730796,male,35
66.46437549591064,neutral,0.83252835,male,35
66.73937487602234,neutral,0.8104746,male,35
66.8023750782013,neutral,0.77714753,male,35
66.86437463760376,neutral,0.8592827,male,35
66.92687487602234,neutral,0.8813051,male,35
66.99037456512451,neutral,0.8643513,male,35
67.05187487602234,neutral,0.85521996,male,35
67.1158754825592,neutral,0.82790816,male,35
67.17937517166138,neutral,0.88179976,male,35
67.24387550354004,neutral,0.8802967,male,35
67.30787634849548,neutral,0.901919,male,35
67.57187509536743,neutral,0.8566638,male,35
67.63537549972534,neutral,0.8607372,male,35
67.69638228416443,neutral,0.8312633,male,35
67.75837469100952,neutral,0.8671013,male,35
67.82187628746033,neutral,0.910359,male,35
67.88937640190125,neutral,0.89185995,male,35
67.95087456703186,neutral,0.90956765,male,35
68.01387524604797,neutral,0.9028938,male,35
68.07887506484985,neutral,0.8766153,male,35
68.14287447929382,neutral,0.89557815,male,35
68.40837788581848,neutral,0.8812151,male,35
68.47287678718567,neutral,0.8396878,male,35
68.53787589073181,neutral,0.8302546,male,35
68.60037541389465,neutral,0.84366965,male,35
68.66787481307983,neutral,0.8764548,male,35
68.72987580299377,neutral,0.92433923,male,35
68.79387640953064,neutral,0.882509,male,35
68.85537481307983,neutral,0.7500116,male,35
68.92288613319397,neutral,0.54869545,male,35
68.98987817764282,neutral,0.80462635,male,35
69.26087617874146,neutral,0.8191584,male,35
69.32337689399719,neutral,0.849891,male,35
69.38887619972229,neutral,0.88012624,male,35
69.44937491416931,neutral,0.81072444,male,35
69.51037502288818,neutral,0.8825879,male,35
69.57187628746033,neutral,0.92740804,male,35
69.63487577438354,neutral,0.9132786,male,35
69.7043764591217,neutral,0.92538905,male,35
69.76687741279602,neutral,0.83933336,male,35
69.83387660980225,neutral,0.89428455,male,35
70.11187529563904,neutral,0.8825503,male,35
70.17687678337097,neutral,0.8158556,male,35
70.24487543106079,neutral,0.8844815,male,35
70.30637621879578,neutral,0.85155785,male,35
70.36737608909607,neutral,0.8396573,male,35
70.43587636947632,neutral,0.73006976,male,35
70.498375415802,neutral,0.5351596,male,35
70.56887626647949,neutral,0.5301684,male,35
70.63237571716309,neutral,0.49679276,male,35
70.69737601280212,neutral,0.5724339,male,35
70.96137547492981,neutral,0.4689363,male,35
71.01737570762634,neutral,0.5987187,male,35
71.08137559890747,neutral,0.456487,male,35
71.14337611198425,neutral,0.41512433,male,35
71.206876039505,neutral,0.56592786,male,35
71.27237677574158,neutral,0.53531474,male,35
71.3403754234314,neutral,0.55119824,male,35
71.39887642860413,neutral,0.5017352,male,35
71.45887637138367,neutral,0.56195885,male,35
71.51937627792358,neutral,0.5250571,male,35
71.78737592697144,neutral,0.41490793,male,35
71.8483772277832,happy,0.7690845,male,35
71.90937614440918,happy,0.9988709,male,35
71.97787666320801,happy,0.9991033,male,35
72.03937602043152,happy,0.99972254,male,35
72.10037565231323,happy,0.99971133,male,35
72.16787528991699,happy,0.9991742,male,35
72.23237633705139,happy,0.9990728,male,35
72.29587602615356,happy,0.9996333,male,35
72.3633759021759,happy,0.9995704,male,35
72.62889099121094,happy,0.9988844,male,35
72.69390034675598,happy,0.99950814,male,35
72.76190638542175,happy,0.9997718,male,35
72.82391166687012,happy,0.9990682,male,35
72.88392210006714,happy,0.999647,male,35
72.95292258262634,happy,0.9986779,male,35
73.0139307975769,happy,0.9924238,male,35
73.07343649864197,happy,0.9700107,male,35
73.13094282150269,happy,0.9353237,male,35
